Workbook

Sheet 📋 Anleitung
B2: TIPR PRO — fairbeamtet.de
B3: True Internal PageRank · Verbesserte Version basierend auf Kevin Indig
B5: 🎯 WAS IST TIPR PRO?
B6: Grundprinzip: | C6: TIPR analysiert den PageRank-Fluss deiner Website. Jede Seite empfängt Autorität (Inlinks) und gibt sie weiter (Outlinks). Das Ziel: optimale Verteilung — kein Horten, kein Verschwenden.
B7: Verbesserung vs. Lite: | C7: TIPR PRO ergänzt das Indig-Modell um einen gewichteten Gesamt-Score, eine Seitentyp-Klassifikation, Prioritätsstufen und direkte Handlungsempfehlungen.
B9: 📊 DEINE 5 SHEETS
B10: 📥 Rohdaten | C10: Hier trägst du deine exportierten Daten ein (Screaming Frog + Ahrefs). Pflichtfelder gelb markiert.
B11: 🧮 TIPR Score | C11: Automatische Berechnung: Delta, Gewichteter Score, Klassifikation. Hier passiert die Magie.
B12: 🚨 Hoarder & Waster | C12: Gefilterte Prioritätenlisten mit konkreten Handlungsempfehlungen.
B13: 🏆 Top Prioritäten | C13: Die 20 wichtigsten URLs zum Anpacken — sortiert nach Impact.
B14: 📈 Dashboard | C14: Übersicht: Verteilung, Gesundheitsscore deiner Site.
B16: 🔧 SO NUTZT DU DAS MODELL
B17: Schritt 1: | C17: Screaming Frog → Tab 'Internal' → HTML → Export CSV
B18: Schritt 2: | C18: Ahrefs → Site Explorer → Organische Suche → Top Seiten → Export CSV
B19: Schritt 3: | C19: Daten in Sheet '📥 Rohdaten' eintragen (Spalten A bis G)
B20: Schritt 4: | C20: Sheet '🧮 TIPR Score' öffnen — Scores werden automatisch berechnet
B21: Schritt 5: | C21: Sheet '🚨 Hoarder & Waster' für konkrete Aktionsliste nutzen
B22: Schritt 6: | C22: Mindestens 1x pro Quartal wiederholen
B24: ⚡ VERBESSERUNGEN vs. TIPR LITE
B25: Gewichteter Score: | C25: UR-Wert (Backlink-Stärke) fließt als Multiplikator ein — nicht nur simpler Delta
B26: Seitentypen: | C26: Klassifikation nach URL-Pattern: PKV, BUV, Blog, Kategorie, Sonstige
B27: Prioritätsstufen: | C27: P1 (sofort) / P2 (diese Woche) / P3 (diesen Monat) — klar priorisiert
B28: Gesundheits-Score: | C28: Ein einziger Wert (0-100) zeigt den Gesamtzustand deiner internen Verlinkung
B29: Empfehlungen: | C29: Jede Seite bekommt eine konkrete Handlungsanweisung

Sheet 📥 Rohdaten
B2: 📥 ROHDATEN — Screaming Frog + Ahrefs
B3: URL | C3: Inlinks (SF) | D3: Outlinks (SF) | E3: UR (Ahrefs) | F3: Backlinks (Ahrefs) | G3: Ref-Domains (Ahrefs) | H3: Seitentyp (manuell) | I3: Notizen
B4: https://www.fairbeamtet.de/ | C4: 0 | D4: 45 | E4: 32 | F4: 12 | G4: 8 | H4: Startseite
B5: https://www.fairbeamtet.de/pkv-beamte/ | C5: 18 | D5: 22 | E5: 28 | F5: 8 | G5: 5 | H5: PKV
B6: https://www.fairbeamtet.de/pkv-beamte-vergleich/ | C6: 12 | D6: 8 | E6: 24 | F6: 5 | G6: 3 | H6: PKV
B7: https://www.fairbeamtet.de/beamte-krankenversicherung/ | C7: 8 | D7: 6 | E7: 18 | F7: 3 | G7: 2 | H7: PKV
B8: https://www.fairbeamtet.de/buv-beamte/ | C8: 14 | D8: 20 | E8: 25 | F8: 7 | G8: 4 | H8: BUV
B9: https://www.fairbeamtet.de/dienstunfaehigkeitsversicherung/ | C9: 9 | D9: 5 | E9: 20 | F9: 4 | G9: 3 | H9: BUV
B10: https://www.fairbeamtet.de/beamtenrecht/ | C10: 6 | D10: 28 | E10: 15 | F10: 2 | G10: 1 | H10: Blog
B11: https://www.fairbeamtet.de/beihilfe-beamte/ | C11: 11 | D11: 7 | E11: 14 | F11: 3 | G11: 2 | H11: PKV
B12: https://www.fairbeamtet.de/pkv-kosten-beamte/ | C12: 5 | D12: 4 | E12: 12 | F12: 2 | G12: 1 | H12: PKV
B13: https://www.fairbeamtet.de/blog/ | C13: 3 | D13: 35 | E13: 10 | F13: 1 | G13: 1 | H13: Kategorie
B14: https://www.fairbeamtet.de/referendariat-krankenversicherung/ | C14: 4 | D14: 3 | E14: 8 | F14: 1 | G14: 1 | H14: PKV
B15: https://www.fairbeamtet.de/anwärter-pkv/ | C15: 3 | D15: 2 | E15: 6 | F15: 0 | G15: 0 | H15: PKV
... B33: https://www.fairbeamtet.de/glossar/pkv/ | C33: 4 | D33: 11 | E33: 5 | F33: 0 | G33: 0 | H33: Kategorie
B36: ⚠️ WICHTIG: Ersetze die Beispieldaten durch deine echten Screaming Frog + Ahrefs Exports. Füge Zeilen ein wie benötigt — alle Formeln in Sheet '🧮 TIPR Score' passen sich automatisch an.

Sheet 🧮 TIPR Score
B2: 🧮 TIPR SCORE — Automatische Berechnung & Klassifikation
B3: URL | C3: Inlinks | D3: Outlinks | E3: UR | F3: Delta (In-Out) | G3: Gewichteter Score | H3: Typ- Klassifikation | I3: Priorität | J3: Seitentyp | K3: Empfehlung
B4: ='📥 Rohdaten'!B4 -> https://www.fairbeamtet.de/ | C4: ='📥 Rohdaten'!C4 -> 0 | D4: ='📥 Rohdaten'!D4 -> 45 | E4: ='📥 Rohdaten'!E4 -> 32 | F4: =C4-D4 -> -45 | G4: =ROUND(F4*(1+E4/50),1) -> -73.8 | H4: =IF(F4>10,IF(E4>=15,"🔥 HOARDER",IF(F4>5,"⚡ HOARDER","⚡ HOARDER")),IF(F4<-5,IF(E4>=10,"🚨 WASTER","⚠️ WASTER"),"✅ OK")) -> 🚨 WASTER | I4: =IF(AND(F4>10,E4>=15),"🔴 P1",IF(AND(F4<-5,E4>=10),"🔴 P1",IF(ABS(F4)>5,"🟡 P2",IF(ABS(F4)>2,"🟢 P3","⚪ OK")))) -> 🔴 P1 | J4: ='📥 Rohdaten'!H4 -> Startseite | K4: =IF(J4="Sonstige","— Keine Optimierung nötig",IF(F4>10,IF(E4>=15,"🔥 HOARDER P1: Sofort outlinken — starke Seite verschwendet Potenzial","⚡ HOARDER P2: Mehr interne Links von hier setzen"),IF(F4<-5,IF(E4>=10,"🚨 WASTER P1: Outlinks reduzieren oder mehr Inlinks holen","⚠️ WASTER P2: Prüfen ob Outlinks sinnvoll sind"),IF(AND(F4>=-5,F4<=10),"✅ Ausgewogen — weiter beobachten","🔍 Grenzbereich — näher prüfen")))) -> 🚨 WASTER P1: Outlinks reduzieren oder mehr Inlinks holen
B5: ='📥 Rohdaten'!B5 -> https://www.fairbeamtet.de/pkv-beamte/ | C5: ='📥 Rohdaten'!C5 -> 18 | D5: ='📥 Rohdaten'!D5 -> 22 | E5: ='📥 Rohdaten'!E5 -> 28 | F5: =C5-D5 -> -4 | G5: =ROUND(F5*(1+E5/50),1) -> -6.2 | H5: =IF(F5>10,IF(E5>=15,"🔥 HOARDER",IF(F5>5,"⚡ HOARDER","⚡ HOARDER")),IF(F5<-5,IF(E5>=10,"🚨 WASTER","⚠️ WASTER"),"✅ OK")) -> ✅ OK | I5: =IF(AND(F5>10,E5>=15),"🔴 P1",IF(AND(F5<-5,E5>=10),"🔴 P1",IF(ABS(F5)>5,"🟡 P2",IF(ABS(F5)>2,"🟢 P3","⚪ OK")))) -> 🟢 P3 | J5: ='📥 Rohdaten'!H5 -> PKV | K5: =IF(J5="Sonstige","— Keine Optimierung nötig",IF(F5>10,IF(E5>=15,"🔥 HOARDER P1: Sofort outlinken — starke Seite verschwendet Potenzial","⚡ HOARDER P2: Mehr interne Links von hier setzen"),IF(F5<-5,IF(E5>=10,"🚨 WASTER P1: Outlinks reduzieren oder mehr Inlinks holen","⚠️ WASTER P2: Prüfen ob Outlinks sinnvoll sind"),IF(AND(F5>=-5,F5<=10),"✅ Ausgewogen — weiter beobachten","🔍 Grenzbereich — näher prüfen")))) -> ✅ Ausgewogen — weiter beobachten
B6: ='📥 Rohdaten'!B6 -> https://www.fairbeamtet.de/pkv-beamte-vergleich/ | C6: ='📥 Rohdaten'!C6 -> 12 | D6: ='📥 Rohdaten'!D6 -> 8 | E6: ='📥 Rohdaten'!E6 -> 24 | F6: =C6-D6 -> 4 | G6: =ROUND(F6*(1+E6/50),1) -> 5.9 | H6: =IF(F6>10,IF(E6>=15,"🔥 HOARDER",IF(F6>5,"⚡ HOARDER","⚡ HOARDER")),IF(F6<-5,IF(E6>=10,"🚨 WASTER","⚠️ WASTER"),"✅ OK")) -> ✅ OK | I6: =IF(AND(F6>10,E6>=15),"🔴 P1",IF(AND(F6<-5,E6>=10),"🔴 P1",IF(ABS(F6)>5,"🟡 P2",IF(ABS(F6)>2,"🟢 P3","⚪ OK")))) -> 🟢 P3 | J6: ='📥 Rohdaten'!H6 -> PKV | K6: =IF(J6="Sonstige","— Keine Optimierung nötig",IF(F6>10,IF(E6>=15,"🔥 HOARDER P1: Sofort outlinken — starke Seite verschwendet Potenzial","⚡ HOARDER P2: Mehr interne Links von hier setzen"),IF(F6<-5,IF(E6>=10,"🚨 WASTER P1: Outlinks reduzieren oder mehr Inlinks holen","⚠️ WASTER P2: Prüfen ob Outlinks sinnvoll sind"),IF(AND(F6>=-5,F6<=10),"✅ Ausgewogen — weiter beobachten","🔍 Grenzbereich — näher prüfen")))) -> ✅ Ausgewogen — weiter beobachten
B7: ='📥 Rohdaten'!B7 -> https://www.fairbeamtet.de/beamte-krankenversicherung/ | C7: ='📥 Rohdaten'!C7 -> 8 | D7: ='📥 Rohdaten'!D7 -> 6 | E7: ='📥 Rohdaten'!E7 -> 18 | F7: =C7-D7 -> 2 | G7: =ROUND(F7*(1+E7/50),1) -> 2.7 | H7: =IF(F7>10,IF(E7>=15,"🔥 HOARDER",IF(F7>5,"⚡ HOARDER","⚡ HOARDER")),IF(F7<-5,IF(E7>=10,"🚨 WASTER","⚠️ WASTER"),"✅ OK")) -> ✅ OK | I7: =IF(AND(F7>10,E7>=15),"🔴 P1",IF(AND(F7<-5,E7>=10),"🔴 P1",IF(ABS(F7)>5,"🟡 P2",IF(ABS(F7)>2,"🟢 P3","⚪ OK")))) -> ⚪ OK | J7: ='📥 Rohdaten'!H7 -> PKV | K7: =IF(J7="Sonstige","— Keine Optimierung nötig",IF(F7>10,IF(E7>=15,"🔥 HOARDER P1: Sofort outlinken — starke Seite verschwendet Potenzial","⚡ HOARDER P2: Mehr interne Links von hier setzen"),IF(F7<-5,IF(E7>=10,"🚨 WASTER P1: Outlinks reduzieren oder mehr Inlinks holen","⚠️ WASTER P2: Prüfen ob Outlinks sinnvoll sind"),IF(AND(F7>=-5,F7<=10),"✅ Ausgewogen — weiter beobachten","🔍 Grenzbereich — näher prüfen")))) -> ✅ Ausgewogen — weiter beobachten
B8: ='📥 Rohdaten'!B8 -> https://www.fairbeamtet.de/buv-beamte/ | C8: ='📥 Rohdaten'!C8 -> 14 | D8: ='📥 Rohdaten'!D8 -> 20 | E8: ='📥 Rohdaten'!E8 -> 25 | F8: =C8-D8 -> -6 | G8: =ROUND(F8*(1+E8/50),1) -> -9 | H8: =IF(F8>10,IF(E8>=15,"🔥 HOARDER",IF(F8>5,"⚡ HOARDER","⚡ HOARDER")),IF(F8<-5,IF(E8>=10,"🚨 WASTER","⚠️ WASTER"),"✅ OK")) -> 🚨 WASTER | I8: =IF(AND(F8>10,E8>=15),"🔴 P1",IF(AND(F8<-5,E8>=10),"🔴 P1",IF(ABS(F8)>5,"🟡 P2",IF(ABS(F8)>2,"🟢 P3","⚪ OK")))) -> 🔴 P1 | J8: ='📥 Rohdaten'!H8 -> BUV | K8: =IF(J8="Sonstige","— Keine Optimierung nötig",IF(F8>10,IF(E8>=15,"🔥 HOARDER P1: Sofort outlinken — starke Seite verschwendet Potenzial","⚡ HOARDER P2: Mehr interne Links von hier setzen"),IF(F8<-5,IF(E8>=10,"🚨 WASTER P1: Outlinks reduzieren oder mehr Inlinks holen","⚠️ WASTER P2: Prüfen ob Outlinks sinnvoll sind"),IF(AND(F8>=-5,F8<=10),"✅ Ausgewogen — weiter beobachten","🔍 Grenzbereich — näher prüfen")))) -> 🚨 WASTER P1: Outlinks reduzieren oder mehr Inlinks holen
B9: ='📥 Rohdaten'!B9 -> https://www.fairbeamtet.de/dienstunfaehigkeitsversicherung/ | C9: ='📥 Rohdaten'!C9 -> 9 | D9: ='📥 Rohdaten'!D9 -> 5 | E9: ='📥 Rohdaten'!E9 -> 20 | F9: =C9-D9 -> 4 | G9: =ROUND(F9*(1+E9/50),1) -> 5.6 | H9: =IF(F9>10,IF(E9>=15,"🔥 HOARDER",IF(F9>5,"⚡ HOARDER","⚡ HOARDER")),IF(F9<-5,IF(E9>=10,"🚨 WASTER","⚠️ WASTER"),"✅ OK")) -> ✅ OK | I9: =IF(AND(F9>10,E9>=15),"🔴 P1",IF(AND(F9<-5,E9>=10),"🔴 P1",IF(ABS(F9)>5,"🟡 P2",IF(ABS(F9)>2,"🟢 P3","⚪ OK")))) -> 🟢 P3 | J9: ='📥 Rohdaten'!H9 -> BUV | K9: =IF(J9="Sonstige","— Keine Optimierung nötig",IF(F9>10,IF(E9>=15,"🔥 HOARDER P1: Sofort outlinken — starke Seite verschwendet Potenzial","⚡ HOARDER P2: Mehr interne Links von hier setzen"),IF(F9<-5,IF(E9>=10,"🚨 WASTER P1: Outlinks reduzieren oder mehr Inlinks holen","⚠️ WASTER P2: Prüfen ob Outlinks sinnvoll sind"),IF(AND(F9>=-5,F9<=10),"✅ Ausgewogen — weiter beobachten","🔍 Grenzbereich — näher prüfen")))) -> ✅ Ausgewogen — weiter beobachten
B10: ='📥 Rohdaten'!B10 -> https://www.fairbeamtet.de/beamtenrecht/ | C10: ='📥 Rohdaten'!C10 -> 6 | D10: ='📥 Rohdaten'!D10 -> 28 | E10: ='📥 Rohdaten'!E10 -> 15 | F10: =C10-D10 -> -22 | G10: =ROUND(F10*(1+E10/50),1) -> -28.6 | H10: =IF(F10>10,IF(E10>=15,"🔥 HOARDER",IF(F10>5,"⚡ HOARDER","⚡ HOARDER")),IF(F10<-5,IF(E10>=10,"🚨 WASTER","⚠️ WASTER"),"✅ OK")) -> 🚨 WASTER | I10: =IF(AND(F10>10,E10>=15),"🔴 P1",IF(AND(F10<-5,E10>=10),"🔴 P1",IF(ABS(F10)>5,"🟡 P2",IF(ABS(F10)>2,"🟢 P3","⚪ OK")))) -> 🔴 P1 | J10: ='📥 Rohdaten'!H10 -> Blog | K10: =IF(J10="Sonstige","— Keine Optimierung nötig",IF(F10>10,IF(E10>=15,"🔥 HOARDER P1: Sofort outlinken — starke Seite verschwendet Potenzial","⚡ HOARDER P2: Mehr interne Links von hier setzen"),IF(F10<-5,IF(E10>=10,"🚨 WASTER P1: Outlinks reduzieren oder mehr Inlinks holen","⚠️ WASTER P2: Prüfen ob Outlinks sinnvoll sind"),IF(AND(F10>=-5,F10<=10),"✅ Ausgewogen — weiter beobachten","🔍 Grenzbereich — näher prüfen")))) -> 🚨 WASTER P1: Outlinks reduzieren oder mehr Inlinks holen
B11: ='📥 Rohdaten'!B11 -> https://www.fairbeamtet.de/beihilfe-beamte/ | C11: ='📥 Rohdaten'!C11 -> 11 | D11: ='📥 Rohdaten'!D11 -> 7 | E11: ='📥 Rohdaten'!E11 -> 14 | F11: =C11-D11 -> 4 | G11: =ROUND(F11*(1+E11/50),1) -> 5.1 | H11: =IF(F11>10,IF(E11>=15,"🔥 HOARDER",IF(F11>5,"⚡ HOARDER","⚡ HOARDER")),IF(F11<-5,IF(E11>=10,"🚨 WASTER","⚠️ WASTER"),"✅ OK")) -> ✅ OK | I11: =IF(AND(F11>10,E11>=15),"🔴 P1",IF(AND(F11<-5,E11>=10),"🔴 P1",IF(ABS(F11)>5,"🟡 P2",IF(ABS(F11)>2,"🟢 P3","⚪ OK")))) -> 🟢 P3 | J11: ='📥 Rohdaten'!H11 -> PKV | K11: =IF(J11="Sonstige","— Keine Optimierung nötig",IF(F11>10,IF(E11>=15,"🔥 HOARDER P1: Sofort outlinken — starke Seite verschwendet Potenzial","⚡ HOARDER P2: Mehr interne Links von hier setzen"),IF(F11<-5,IF(E11>=10,"🚨 WASTER P1: Outlinks reduzieren oder mehr Inlinks holen","⚠️ WASTER P2: Prüfen ob Outlinks sinnvoll sind"),IF(AND(F11>=-5,F11<=10),"✅ Ausgewogen — weiter beobachten","🔍 Grenzbereich — näher prüfen")))) -> ✅ Ausgewogen — weiter beobachten
B12: ='📥 Rohdaten'!B12 -> https://www.fairbeamtet.de/pkv-kosten-beamte/ | C12: ='📥 Rohdaten'!C12 -> 5 | D12: ='📥 Rohdaten'!D12 -> 4 | E12: ='📥 Rohdaten'!E12 -> 12 | F12: =C12-D12 -> 1 | G12: =ROUND(F12*(1+E12/50),1) -> 1.2 | H12: =IF(F12>10,IF(E12>=15,"🔥 HOARDER",IF(F12>5,"⚡ HOARDER","⚡ HOARDER")),IF(F12<-5,IF(E12>=10,"🚨 WASTER","⚠️ WASTER"),"✅ OK")) -> ✅ OK | I12: =IF(AND(F12>10,E12>=15),"🔴 P1",IF(AND(F12<-5,E12>=10),"🔴 P1",IF(ABS(F12)>5,"🟡 P2",IF(ABS(F12)>2,"🟢 P3","⚪ OK")))) -> ⚪ OK | J12: ='📥 Rohdaten'!H12 -> PKV | K12: =IF(J12="Sonstige","— Keine Optimierung nötig",IF(F12>10,IF(E12>=15,"🔥 HOARDER P1: Sofort outlinken — starke Seite verschwendet Potenzial","⚡ HOARDER P2: Mehr interne Links von hier setzen"),IF(F12<-5,IF(E12>=10,"🚨 WASTER P1: Outlinks reduzieren oder mehr Inlinks holen","⚠️ WASTER P2: Prüfen ob Outlinks sinnvoll sind"),IF(AND(F12>=-5,F12<=10),"✅ Ausgewogen — weiter beobachten","🔍 Grenzbereich — näher prüfen")))) -> ✅ Ausgewogen — weiter beobachten
B13: ='📥 Rohdaten'!B13 -> https://www.fairbeamtet.de/blog/ | C13: ='📥 Rohdaten'!C13 -> 3 | D13: ='📥 Rohdaten'!D13 -> 35 | E13: ='📥 Rohdaten'!E13 -> 10 | F13: =C13-D13 -> -32 | G13: =ROUND(F13*(1+E13/50),1) -> -38.4 | H13: =IF(F13>10,IF(E13>=15,"🔥 HOARDER",IF(F13>5,"⚡ HOARDER","⚡ HOARDER")),IF(F13<-5,IF(E13>=10,"🚨 WASTER","⚠️ WASTER"),"✅ OK")) -> 🚨 WASTER | I13: =IF(AND(F13>10,E13>=15),"🔴 P1",IF(AND(F13<-5,E13>=10),"🔴 P1",IF(ABS(F13)>5,"🟡 P2",IF(ABS(F13)>2,"🟢 P3","⚪ OK")))) -> 🔴 P1 | J13: ='📥 Rohdaten'!H13 -> Kategorie | K13: =IF(J13="Sonstige","— Keine Optimierung nötig",IF(F13>10,IF(E13>=15,"🔥 HOARDER P1: Sofort outlinken — starke Seite verschwendet Potenzial","⚡ HOARDER P2: Mehr interne Links von hier setzen"),IF(F13<-5,IF(E13>=10,"🚨 WASTER P1: Outlinks reduzieren oder mehr Inlinks holen","⚠️ WASTER P2: Prüfen ob Outlinks sinnvoll sind"),IF(AND(F13>=-5,F13<=10),"✅ Ausgewogen — weiter beobachten","🔍 Grenzbereich — näher prüfen")))) -> 🚨 WASTER P1: Outlinks reduzieren oder mehr Inlinks holen
B14: ='📥 Rohdaten'!B14 -> https://www.fairbeamtet.de/referendariat-krankenversicherung/ | C14: ='📥 Rohdaten'!C14 -> 4 | D14: ='📥 Rohdaten'!D14 -> 3 | E14: ='📥 Rohdaten'!E14 -> 8 | F14: =C14-D14 -> 1 | G14: =ROUND(F14*(1+E14/50),1) -> 1.2 | H14: =IF(F14>10,IF(E14>=15,"🔥 HOARDER",IF(F14>5,"⚡ HOARDER","⚡ HOARDER")),IF(F14<-5,IF(E14>=10,"🚨 WASTER","⚠️ WASTER"),"✅ OK")) -> ✅ OK | I14: =IF(AND(F14>10,E14>=15),"🔴 P1",IF(AND(F14<-5,E14>=10),"🔴 P1",IF(ABS(F14)>5,"🟡 P2",IF(ABS(F14)>2,"🟢 P3","⚪ OK")))) -> ⚪ OK | J14: ='📥 Rohdaten'!H14 -> PKV | K14: =IF(J14="Sonstige","— Keine Optimierung nötig",IF(F14>10,IF(E14>=15,"🔥 HOARDER P1: Sofort outlinken — starke Seite verschwendet Potenzial","⚡ HOARDER P2: Mehr interne Links von hier setzen"),IF(F14<-5,IF(E14>=10,"🚨 WASTER P1: Outlinks reduzieren oder mehr Inlinks holen","⚠️ WASTER P2: Prüfen ob Outlinks sinnvoll sind"),IF(AND(F14>=-5,F14<=10),"✅ Ausgewogen — weiter beobachten","🔍 Grenzbereich — näher prüfen")))) -> ✅ Ausgewogen — weiter beobachten
B15: ='📥 Rohdaten'!B15 -> https://www.fairbeamtet.de/anwärter-pkv/ | C15: ='📥 Rohdaten'!C15 -> 3 | D15: ='📥 Rohdaten'!D15 -> 2 | E15: ='📥 Rohdaten'!E15 -> 6 | F15: =C15-D15 -> 1 | G15: =ROUND(F15*(1+E15/50),1) -> 1.1 | H15: =IF(F15>10,IF(E15>=15,"🔥 HOARDER",IF(F15>5,"⚡ HOARDER","⚡ HOARDER")),IF(F15<-5,IF(E15>=10,"🚨 WASTER","⚠️ WASTER"),"✅ OK")) -> ✅ OK | I15: =IF(AND(F15>10,E15>=15),"🔴 P1",IF(AND(F15<-5,E15>=10),"🔴 P1",IF(ABS(F15)>5,"🟡 P2",IF(ABS(F15)>2,"🟢 P3","⚪ OK")))) -> ⚪ OK | J15: ='📥 Rohdaten'!H15 -> PKV | K15: =IF(J15="Sonstige","— Keine Optimierung nötig",IF(F15>10,IF(E15>=15,"🔥 HOARDER P1: Sofort outlinken — starke Seite verschwendet Potenzial","⚡ HOARDER P2: Mehr interne Links von hier setzen"),IF(F15<-5,IF(E15>=10,"🚨 WASTER P1: Outlinks reduzieren oder mehr Inlinks holen","⚠️ WASTER P2: Prüfen ob Outlinks sinnvoll sind"),IF(AND(F15>=-5,F15<=10),"✅ Ausgewogen — weiter beobachten","🔍 Grenzbereich — näher prüfen")))) -> ✅ Ausgewogen — weiter beobachten
... B33: ='📥 Rohdaten'!B33 -> https://www.fairbeamtet.de/glossar/pkv/ | C33: ='📥 Rohdaten'!C33 -> 4 | D33: ='📥 Rohdaten'!D33 -> 11 | E33: ='📥 Rohdaten'!E33 -> 5 | F33: =C33-D33 -> -7 | G33: =ROUND(F33*(1+E33/50),1) -> -7.7 | H33: =IF(F33>10,IF(E33>=15,"🔥 HOARDER",IF(F33>5,"⚡ HOARDER","⚡ HOARDER")),IF(F33<-5,IF(E33>=10,"🚨 WASTER","⚠️ WASTER"),"✅ OK")) -> ⚠️ WASTER | I33: =IF(AND(F33>10,E33>=15),"🔴 P1",IF(AND(F33<-5,E33>=10),"🔴 P1",IF(ABS(F33)>5,"🟡 P2",IF(ABS(F33)>2,"🟢 P3","⚪ OK")))) -> 🟡 P2 | J33: ='📥 Rohdaten'!H33 -> Kategorie | K33: =IF(J33="Sonstige","— Keine Optimierung nötig",IF(F33>10,IF(E33>=15,"🔥 HOARDER P1: Sofort outlinken — starke Seite verschwendet Potenzial","⚡ HOARDER P2: Mehr interne Links von hier setzen"),IF(F33<-5,IF(E33>=10,"🚨 WASTER P1: Outlinks reduzieren oder mehr Inlinks holen","⚠️ WASTER P2: Prüfen ob Outlinks sinnvoll sind"),IF(AND(F33>=-5,F33<=10),"✅ Ausgewogen — weiter beobachten","🔍 Grenzbereich — näher prüfen")))) -> ⚠️ WASTER P2: Prüfen ob Outlinks sinnvoll sind

Sheet 🚨 Hoarder & Waster
B2: 🚨 HOARDER & WASTER — Probleme & Handlungsfelder
B4: 🔥 HOARDER — Seiten, die PageRank horten (viele Inlinks, wenige Outlinks)
B5: URL | C5: Inlinks | D5: Outlinks | E5: UR | F5: Delta | G5: Gew. Score | H5: Priorität | I5: Was tun?
B6: https://www.fairbeamtet.de/impressum/ | C6: 18 | D6: 0 | E6: 2 | F6: 18 | G6: 18.7 | H6: 🟡 P2 | I6: Sofort: 3-5 neue interne Links auf Priority-Pages setzen
B7: https://www.fairbeamtet.de/datenschutz/ | C7: 17 | D7: 0 | E7: 2 | F7: 17 | G7: 17.7 | H7: 🟡 P2 | I7: Sofort: 3-5 neue interne Links auf Priority-Pages setzen
B8: https://www.fairbeamtet.de/kontakt/ | C8: 15 | D8: 1 | E8: 6 | F8: 14 | G8: 15.7 | H8: 🟡 P2 | I8: Sofort: 3-5 neue interne Links auf Priority-Pages setzen
B9: https://www.fairbeamtet.de/ueber-uns/ | C9: 10 | D9: 1 | E9: 5 | F9: 9 | G9: 9.9 | H9: 🟡 P2 | I9: Diese Woche: 1-2 gezielte interne Links ergänzen
B11: ⚠️ WASTER — Seiten, die PageRank verschwenden (wenige Inlinks, viele Outlinks)
B12: URL | C12: Inlinks | D12: Outlinks | E12: UR | F12: Delta | G12: Gew. Score | H12: Priorität | I12: Was tun?
B13: https://www.fairbeamtet.de/ | C13: 0 | D13: 45 | E13: 32 | F13: -45 | G13: -73.8 | H13: 🔴 P1 | I13: Outlinks reduzieren ODER mehr interne Links auf diese Seite setzen
B14: https://www.fairbeamtet.de/blog/ | C14: 3 | D14: 35 | E14: 10 | F14: -32 | G14: -38.4 | H14: 🔴 P1 | I14: Outlinks reduzieren ODER mehr interne Links auf diese Seite setzen
B15: https://www.fairbeamtet.de/beamtenrecht/ | C15: 6 | D15: 28 | E15: 15 | F15: -22 | G15: -28.6 | H15: 🔴 P1 | I15: Outlinks reduzieren ODER mehr interne Links auf diese Seite setzen
B16: https://www.fairbeamtet.de/buv-beamte/ | C16: 14 | D16: 20 | E16: 25 | F16: -6 | G16: -9 | H16: 🔴 P1 | I16: Outlinks reduzieren ODER mehr interne Links auf diese Seite setzen
B17: https://www.fairbeamtet.de/glossar/pkv/ | C17: 4 | D17: 11 | E17: 5 | F17: -7 | G17: -7.7 | H17: 🟡 P2 | I17: Outlinks reduzieren ODER mehr interne Links auf diese Seite setzen
B18: https://www.fairbeamtet.de/blog/pkv-vorteile-beamte/ | C18: 2 | D18: 8 | E18: 4 | F18: -6 | G18: -6.5 | H18: 🟡 P2 | I18: Outlinks reduzieren ODER mehr interne Links auf diese Seite setzen
B19: https://www.fairbeamtet.de/glossar/beihilfe/ | C19: 3 | D19: 9 | E19: 4 | F19: -6 | G19: -6.5 | H19: 🟡 P2 | I19: Outlinks reduzieren ODER mehr interne Links auf diese Seite setzen
B20: https://www.fairbeamtet.de/pkv-beamte/ | C20: 18 | D20: 22 | E20: 28 | F20: -4 | G20: -6.2 | H20: 🟡 P2 | I20: Prüfen ob alle Outlinks wirklich notwendig sind
B21: https://www.fairbeamtet.de/blog/buv-wichtig/ | C21: 1 | D21: 7 | E21: 2 | F21: -6 | G21: -6.2 | H21: 🟡 P2 | I21: Outlinks reduzieren ODER mehr interne Links auf diese Seite setzen
B22: https://www.fairbeamtet.de/blog/beihilfe-erklaert/ | C22: 2 | D22: 6 | E22: 3 | F22: -4 | G22: -4.2 | H22: 🟡 P2 | I22: Prüfen ob alle Outlinks wirklich notwendig sind

Sheet 🏆 Top Prioritäten
B2: 🏆 TOP PRIORITÄTEN — Sofortmaßnahmen für fairbeamtet.de
B3: Sortiert nach absolut höchstem Handlungsbedarf (P1 zuerst). Beginne immer oben.
B4: # | C4: URL | D4: Typ | E4: Delta | F4: Gew. Score | G4: Priorität | H4: Seitentyp | I4: Konkrete Aktion
B5: 1 | C5: https://www.fairbeamtet.de/ | D5: ⚠️ WASTER | E5: -45 | F5: -73.8 | G5: 🔴 P1 | H5: Startseite | I5: JETZT: Mehr interne Links auf diese URL setzen (aus PKV/BUV-Seiten)
B6: 2 | C6: https://www.fairbeamtet.de/blog/ | D6: ⚠️ WASTER | E6: -32 | F6: -38.4 | G6: 🟡 P2 | H6: Kategorie | I6: JETZT: Mehr interne Links auf diese URL setzen (aus PKV/BUV-Seiten)
B7: 3 | C7: https://www.fairbeamtet.de/beamtenrecht/ | D7: ⚠️ WASTER | E7: -22 | F7: -28.6 | G7: 🔴 P1 | H7: Blog | I7: JETZT: Mehr interne Links auf diese URL setzen (aus PKV/BUV-Seiten)
B8: 4 | C8: https://www.fairbeamtet.de/impressum/ | D8: 🔥 HOARDER | E8: 18 | F8: 18.7 | G8: 🟡 P2 | H8: Sonstige | I8: DIESE WOCHE: 1-2 Outlinks auf Conversion-Seiten ergänzen
B9: 5 | C9: https://www.fairbeamtet.de/datenschutz/ | D9: 🔥 HOARDER | E9: 17 | F9: 17.7 | G9: 🟡 P2 | H9: Sonstige | I9: DIESE WOCHE: 1-2 Outlinks auf Conversion-Seiten ergänzen
B10: 6 | C10: https://www.fairbeamtet.de/kontakt/ | D10: 🔥 HOARDER | E10: 14 | F10: 15.7 | G10: 🟡 P2 | H10: Sonstige | I10: DIESE WOCHE: 1-2 Outlinks auf Conversion-Seiten ergänzen
B11: 7 | C11: https://www.fairbeamtet.de/ueber-uns/ | D11: 🔥 HOARDER | E11: 9 | F11: 9.9 | G11: 🟡 P2 | H11: Sonstige | I11: DIESE WOCHE: 1-2 Outlinks auf Conversion-Seiten ergänzen
B12: 8 | C12: https://www.fairbeamtet.de/buv-beamte/ | D12: ⚠️ WASTER | E12: -6 | F12: -9 | G12: 🟡 P2 | H12: BUV | I12: JETZT: Mehr interne Links auf diese URL setzen (aus PKV/BUV-Seiten)
B13: 9 | C13: https://www.fairbeamtet.de/glossar/pkv/ | D13: ⚠️ WASTER | E13: -7 | F13: -7.7 | G13: 🟡 P2 | H13: Kategorie | I13: JETZT: Mehr interne Links auf diese URL setzen (aus PKV/BUV-Seiten)
B14: 10 | C14: https://www.fairbeamtet.de/blog/pkv-vorteile-beamte/ | D14: ⚠️ WASTER | E14: -6 | F14: -6.5 | G14: 🟡 P2 | H14: Blog | I14: JETZT: Mehr interne Links auf diese URL setzen (aus PKV/BUV-Seiten)
B15: 11 | C15: https://www.fairbeamtet.de/glossar/beihilfe/ | D15: ⚠️ WASTER | E15: -6 | F15: -6.5 | G15: 🟡 P2 | H15: Kategorie | I15: JETZT: Mehr interne Links auf diese URL setzen (aus PKV/BUV-Seiten)
B16: 12 | C16: https://www.fairbeamtet.de/pkv-beamte/ | D16: ⚠️ WASTER | E16: -4 | F16: -6.2 | G16: 🟢 P3 | H16: PKV | I16: DIESE WOCHE: Outlinks dieser Seite prüfen und ggf. kürzen
... B24: 20 | C24: https://www.fairbeamtet.de/polizei-krankenversicherung/ | D24: ✅ OK | E24: 3 | F24: 3.5 | G24: 🟢 P3 | H24: PKV | I24: Beobachten — kein sofortiger Handlungsbedarf

Sheet 📈 Dashboard
B2: 📈 DASHBOARD — TIPR Gesundheitsstatus fairbeamtet.de
B4: Seiten gesamt | C4: 🔥 Hoarder | D4: ⚠️ Waster | E4: ✅ Ausgewogen | F4: 🔴 P1 Actions | G4: Gesundheits-Score
B5: 30 | C5: 4 | D5: 10 | E5: 16 | F5: 4 | G5: 53%
B8: 📊 VERTEILUNG NACH SEITENTYP
B9: Seitentyp | C9: Gesamt | D9: Hoarder | E9: Waster | F9: OK | G9: Status
B10: BUV | C10: 4 | D10: 0 | E10: 1 | F10: 3 | G10: ✅ Gut
B11: Blog | C11: 4 | D11: 0 | E11: 4 | F11: 0 | G11: 🚨 Kritisch
B12: Kategorie | C12: 3 | D12: 0 | E12: 3 | F12: 0 | G12: 🚨 Kritisch
B13: PKV | C13: 14 | D13: 0 | E13: 1 | F13: 13 | G13: ✅ Gut
B14: Sonstige | C14: 4 | D14: 4 | E14: 0 | F14: 0 | G14: 🚨 Kritisch
B15: Startseite | C15: 1 | D15: 0 | E15: 1 | F15: 0 | G15: 🚨 Kritisch
B18: 🗓️ EMPFOHLENER AKTIONSPLAN
B19: 🔴 Sofort (diese Woche) | C19: P1-Hoarder outlinken: interne Links auf PKV-Vergleich, BUV-Beratung, Kontakt setzen
B20: 🟡 Kurzfristig (diesen Monat) | C20: P1-Waster fixen: mehr interne Links auf schwache Seiten mit Potenzial
B21: 🟢 Mittelfristig (Quartal) | C21: P2-Seiten adressieren, Blog-Posts mit internen Links zu Conversion-Seiten stärken
B22: 📊 Monitoring | C22: Analyse alle 3 Monate wiederholen — neue Seiten ergänzen, Screaming Frog neu crawlen
